Date,Open,High,Low,Close,AdjClose,Volume,Predicted
2022-01-03,605.609985,609.98999,590.559998,597.369995,597.369995,3067500,0
2022-01-04,599.909973,600.409973,581.599976,591.150024,591.150024,4393100,0
2022-01-05,592.0,592.840027,566.880005,567.52002,567.52002,4148700,0
2022-01-06,554.340027,563.359985,542.01001,553.289978,553.289978,5711800,0
2022-01-07,549.460022,553.429993,538.219971,541.059998,541.059998,3382900,0
2022-01-10,538.48999,543.690002,526.320007,539.849976,539.849976,4486100,0
2022-01-11,536.98999,543.909973,530.070007,540.840027,540.840027,3077800,0
2022-01-12,544.27002,544.27002,532.02002,537.219971,537.219971,3787400,0
2022-01-13,537.059998,540.789978,518.26001,519.200012,519.200012,4475100,0
2022-01-14,517.599976,538.369995,511.880005,525.690002,525.690002,7861100,0
2022-01-18,520.080017,521.75,508.679993,510.799988,510.799988,4839100,0
2022-01-19,515.0,523.210022,510.51001,515.859985,515.859985,4353500,0
2022-01-20,517.75,526.640015,506.929993,508.25,508.25,12659000,0
2022-01-21,400.429993,409.149994,379.98999,397.5,397.5,58904300,0
2022-01-24,383.910004,387.26001,351.459991,387.149994,387.149994,32346000,0
2022-01-25,379.140015,387.709991,365.130005,366.420013,366.420013,15145800,0
2022-01-26,378.269989,382.660004,356.619995,359.700012,359.700012,12684000,0
2022-01-27,382.059998,394.799988,378.100006,386.700012,386.700012,24324700,0
2022-01-28,386.76001,387.0,372.079987,384.359985,384.359985,11966600,0
2022-01-31,401.970001,427.700012,398.200012,427.140015,427.140015,20047500,0
2022-02-01,432.959991,458.480011,425.540009,457.130005,457.130005,22568100,0
2022-02-02,448.25,451.980011,426.480011,429.480011,429.480011,14346000,0
2022-02-03,421.440002,429.26001,404.279999,405.600006,405.600006,9905200,0
2022-02-04,407.309998,412.769989,396.640015,410.170013,410.170013,7789800,0
2022-02-07,410.170013,412.350006,393.549988,402.100006,402.100006,8232900,0
2022-02-08,398.179993,406.609985,395.829987,403.529999,403.529999,6818500,0
2022-02-09,408.649994,412.980011,398.790009,412.890015,412.890015,7738200,0
2022-02-10,402.100006,408.0,396.359985,406.269989,406.269989,8452900,0
2022-02-11,405.329987,411.609985,387.649994,391.309998,391.309998,7558900,0
2022-02-14,387.589996,409.359985,386.890015,396.570007,396.570007,7202200,0
2022-02-15,403.790009,409.160004,401.01001,407.459991,407.459991,5392300,0
2022-02-16,401.529999,401.559998,390.380005,398.079987,398.079987,5277700,0
2022-02-17,394.23999,399.109985,385.700012,386.670013,386.670013,4669200,0
2022-02-18,392.529999,402.869995,389.049988,391.290009,391.290009,6801700,0
2022-02-22,388.950012,392.420013,373.019989,377.380005,377.380005,6697500,0
2022-02-23,382.720001,386.0,366.660004,367.459991,367.459991,4614300,0
2022-02-24,355.089996,390.730011,354.720001,390.029999,390.029999,7068700,0
2022-02-25,386.609985,391.290009,375.579987,390.799988,390.799988,4841600,0
2022-02-28,387.329987,397.75,382.130005,394.519989,394.519989,5035000,0
2022-03-01,391.600006,395.0,383.709991,386.23999,386.23999,3290400,0
2022-03-02,388.929993,389.220001,375.209991,380.029999,380.029999,5356800,0
2022-03-03,386.0,386.119995,364.649994,368.070007,368.070007,6076800,0
2022-03-04,368.0,374.820007,357.170013,361.730011,361.730011,5325500,0
2022-03-07,360.410004,362.0,350.200012,350.26001,350.26001,5708400,0
2022-03-08,349.799988,358.859985,340.670013,341.76001,341.76001,6428700,0
2022-03-09,357.690002,364.140015,350.51001,358.790009,358.790009,6520200,0
2022-03-10,356.200012,367.019989,353.299988,356.769989,356.769989,4807800,0
2022-03-11,361.190002,363.359985,340.0,340.320007,340.320007,4819900,0
2022-03-14,338.720001,341.320007,329.820007,331.01001,331.01001,5907800,0
2022-03-15,335.100006,345.359985,332.359985,343.75,343.75,5460600,0
2022-03-16,348.200012,359.98999,343.059998,357.529999,357.529999,6982500,0
2022-03-17,359.700012,373.309998,354.880005,371.399994,371.399994,5818300,0
2022-03-18,372.0,381.799988,368.470001,380.600006,380.600006,8324800,0
2022-03-21,378.019989,381.820007,368.940002,374.589996,374.589996,4866500,0
2022-03-22,371.140015,386.660004,366.76001,382.920013,382.920013,4242800,0
2022-03-23,379.769989,382.459991,374.48999,374.48999,374.48999,3729000,0
2022-03-24,379.76001,379.76001,368.899994,375.709991,375.709991,3888500,0
2022-03-25,377.070007,377.640015,366.429993,373.850006,373.850006,3574500,0
2022-03-28,375.230011,380.279999,366.730011,378.51001,378.51001,4323400,0
2022-03-29,384.390015,396.5,380.329987,391.820007,391.820007,5880700,0
2022-03-30,389.549988,392.700012,378.630005,381.470001,381.470001,4023300,0
2022-03-31,383.589996,384.0,373.609985,374.589996,374.589996,4134700,0
2022-04-01,376.799988,380.869995,368.5,373.470001,373.470001,4644200,0
2022-04-04,373.549988,396.019989,373.130005,391.5,391.5,7001800,0
2022-04-05,389.299988,390.0,377.309998,380.149994,380.149994,4234500,0
2022-04-06,374.149994,376.470001,362.730011,368.350006,368.350006,4354900,0
2022-04-07,365.0,368.540009,353.690002,362.149994,362.149994,4948900,0
2022-04-08,361.959991,362.5,354.869995,355.880005,355.880005,4025200,0
2022-04-11,350.0,354.779999,345.200012,348.0,348.0,3777100,0
2022-04-12,355.910004,359.410004,342.25,344.100006,344.100006,3824300,0
2022-04-13,343.920013,352.0,341.160004,350.429993,350.429993,3231000,0
2022-04-14,350.950012,352.0,339.859985,341.130005,341.130005,4343800,0
2022-04-18,340.0,342.359985,331.619995,337.859985,337.859985,5105000,0
2022-04-19,333.220001,351.679993,333.220001,348.609985,348.609985,20906900,0
2022-04-20,245.199997,248.699997,212.509995,226.190002,226.190002,133387500,0
2022-04-21,220.0,227.679993,211.520004,218.220001,218.220001,53501600,0
2022-04-22,220.179993,226.270004,210.050003,215.520004,215.520004,37515100,0
2022-04-25,213.809998,216.660004,204.509995,209.910004,209.910004,28152000,0
2022-04-26,208.800003,209.149994,198.279999,198.399994,198.399994,20318100,0
2022-04-27,194.009995,200.190002,187.770004,188.539993,188.539993,22298400,0
2022-04-28,191.559998,201.479996,185.600006,199.520004,199.520004,21363200,0
2022-04-29,198.679993,204.710007,190.0,190.360001,190.360001,16391900,0
2022-05-02,191.710007,200.210007,190.009995,199.460007,199.460007,14591600,0
2022-05-03,198.289993,203.199997,194.770004,199.869995,199.869995,11839400,0
2022-05-04,197.649994,204.380005,191.009995,204.009995,204.009995,12218800,0
2022-05-05,200.449997,200.710007,186.0,188.320007,188.320007,13971300,0
2022-05-06,186.75,187.210007,175.809998,180.970001,180.970001,17185500,0
2022-05-09,177.660004,183.199997,172.300003,173.100006,173.100006,14031300,0
2022-05-10,176.009995,181.869995,170.570007,177.660004,177.660004,13883900,0
2022-05-11,176.089996,180.919998,165.550003,166.369995,166.369995,12665500,0
2022-05-12,163.960007,177.580002,162.710007,174.309998,174.309998,17662100,0
2022-05-13,177.160004,187.770004,176.009995,187.639999,187.639999,13136300,0
2022-05-16,193.300003,195.889999,185.699997,186.509995,186.509995,16145000,0
2022-05-17,189.169998,191.399994,185.169998,190.559998,190.559998,9876700,0
2022-05-18,186.720001,187.699997,176.270004,177.190002,177.190002,9665600,0
2022-05-19,178.050003,186.300003,175.710007,183.479996,183.479996,10448500,0
2022-05-20,185.869995,190.190002,179.770004,186.350006,186.350006,10429400,0
2022-05-23,186.149994,187.660004,177.889999,187.440002,187.440002,9602000,0
2022-05-24,182.0,184.0,177.169998,180.339996,180.339996,7706400,0
2022-05-25,180.279999,188.869995,180.169998,187.830002,187.830002,8522100,0
2022-05-26,186.490005,192.339996,183.089996,191.399994,191.399994,8049900,0
2022-05-27,193.190002,195.25,190.369995,195.190002,195.190002,8586000,0
2022-05-31,196.179993,199.949997,190.800003,197.440002,197.440002,11398500,0
2022-06-01,198.699997,202.740005,191.660004,192.910004,192.910004,8416200,0
2022-06-02,192.020004,205.470001,191.720001,205.089996,205.089996,9623100,0
2022-06-03,200.139999,202.949997,198.050003,198.979996,198.979996,7191800,0
2022-06-06,202.089996,203.869995,195.380005,197.139999,197.139999,5372000,0
2022-06-07,194.869995,199.600006,193.0,198.610001,198.610001,4839500,0
2022-06-08,197.949997,207.380005,197.639999,202.830002,202.830002,7244100,0
2022-06-09,200.649994,201.690002,192.539993,192.770004,192.770004,6949000,0
2022-06-10,182.639999,185.860001,180.850006,182.940002,182.940002,13065600,0
2022-06-13,177.070007,179.089996,168.960007,169.690002,169.690002,10222400,0
2022-06-14,169.75,172.059998,164.279999,167.539993,167.539993,11555300,0
2022-06-15,169.259995,183.850006,168.529999,180.110001,180.110001,12396000,0
2022-06-16,174.0,176.270004,171.559998,173.350006,173.350006,8201300,0
2022-06-17,173.630005,179.649994,173.339996,175.509995,175.509995,12133400,0
2022-06-21,177.600006,178.619995,169.800003,170.910004,170.910004,12177600,0
2022-06-22,170.75,182.820007,170.199997,178.889999,178.889999,11992400,0
2022-06-23,180.5,182.759995,175.869995,181.710007,181.710007,9538200,0
2022-06-24,183.5,191.190002,181.839996,190.850006,190.850006,12424000,0
2022-06-27,191.770004,191.779999,182.389999,189.139999,189.139999,8363900,0
2022-06-28,189.199997,192.199997,179.369995,179.600006,179.600006,7185400,0
2022-06-29,179.550003,180.669998,175.100006,178.360001,178.360001,5766800,0
2022-06-30,177.070007,179.449997,170.300003,174.869995,174.869995,7894700,0
2022-07-01,176.490005,180.100006,174.270004,179.949997,179.949997,5201600,0
2022-07-05,176.279999,185.919998,172.679993,185.880005,185.880005,7334300,0
2022-07-06,185.199997,186.220001,180.820007,184.059998,184.059998,5753400,0
2022-07-07,184.270004,190.210007,183.5,189.270004,189.270004,6334500,0
2022-07-08,186.020004,189.910004,182.75,186.979996,186.979996,5835700,0
2022-07-11,184.729996,184.990005,176.889999,177.339996,177.339996,6038800,0
2022-07-12,177.330002,179.779999,173.419998,174.449997,174.449997,6845300,0
2022-07-13,170.5,179.179993,169.699997,176.559998,176.559998,12734400,0
2022-07-14,175.559998,177.520004,171.820007,174.779999,174.779999,9039500,0
2022-07-15,175.580002,189.220001,174.559998,189.110001,189.110001,16319100,0
2022-07-18,192.5,199.669998,189.800003,190.919998,190.919998,16322800,0
2022-07-19,193.020004,201.970001,188.399994,201.630005,201.630005,28178700,0
2022-07-20,208.169998,216.970001,200.100006,216.440002,216.440002,53920300,0
2022-07-21,214.300003,224.320007,211.5,223.880005,223.880005,23430100,0
2022-07-22,222.380005,229.350006,218.440002,220.440002,220.440002,17805500,0
2022-07-25,221.309998,225.229996,216.350006,218.509995,218.509995,10935200,0
2022-07-26,216.660004,219.389999,211.639999,213.910004,213.910004,9508500,0
2022-07-27,216.479996,227.779999,214.580002,226.75,226.75,10508400,0
2022-07-28,224.600006,228.100006,219.669998,226.020004,226.020004,8972700,0
2022-07-29,223.289993,230.75,222.399994,224.899994,224.899994,9064900,0
2022-08-01,223.100006,228.389999,221.0,226.210007,226.210007,5525000,0
2022-08-02,222.759995,228.199997,220.880005,221.419998,221.419998,6361300,0
2022-08-03,224.789993,228.100006,222.419998,226.729996,226.729996,6400700,0
2022-08-04,227.679993,232.070007,225.050003,229.910004,229.910004,7142700,0
2022-08-05,225.300003,228.619995,222.869995,226.779999,226.779999,5539700,0
2022-08-08,227.490005,241.960007,226.410004,233.490005,233.490005,10982100,0
2022-08-09,231.619995,232.199997,224.649994,229.940002,229.940002,6181200,0
2022-08-10,236.990005,244.539993,236.600006,244.110001,244.110001,9254800,0
2022-08-11,244.679993,251.619995,241.509995,242.699997,242.699997,8780100,0
2022-08-12,244.809998,249.410004,243.759995,249.300003,249.300003,6098500,0
2022-08-15,248.110001,251.990005,247.509995,249.110001,249.110001,6527400,0
2022-08-16,247.160004,249.289993,244.029999,245.690002,245.690002,5136800,0
2022-08-17,241.179993,244.240005,237.559998,241.149994,241.149994,5627200,0
2022-08-18,241.960007,246.479996,239.279999,245.169998,245.169998,5280400,0
2022-08-19,240.949997,243.289993,235.679993,241.160004,241.160004,7504700,0
2022-08-22,232.550003,233.479996,224.589996,226.539993,226.539993,8630100,0
2022-08-23,226.460007,229.899994,224.300003,224.550003,224.550003,5276900,0
2022-08-24,225.660004,234.100006,223.940002,229.610001,229.610001,5426300,0
2022-08-25,230.240005,234.160004,229.0,233.979996,233.979996,3766900,0
2022-08-26,233.630005,236.949997,223.149994,223.279999,223.279999,5349800,0
2022-08-29,221.929993,229.869995,221.520004,224.570007,224.570007,7109400,0
2022-08-30,226.660004,229.789993,218.740005,220.649994,220.649994,5740400,0
2022-08-31,227.0,233.880005,223.429993,223.559998,223.559998,8615900,0
2022-09-01,220.720001,230.369995,219.470001,230.039993,230.039993,7292900,0
2022-09-02,231.029999,233.880005,225.039993,226.110001,226.110001,8164900,0
2022-09-06,225.589996,226.850006,214.690002,218.389999,218.389999,7469000,0
2022-09-07,220.210007,229.330002,218.270004,228.960007,228.960007,8149300,0
2022-09-08,224.160004,228.740005,221.300003,227.440002,227.440002,6737400,0
2022-09-09,229.619995,234.779999,229.619995,233.570007,233.570007,6699600,0
2022-09-12,233.610001,239.490005,233.369995,236.529999,236.529999,6047400,0
2022-09-13,226.5,227.690002,217.720001,218.130005,218.130005,8000100,0
2022-09-14,219.820007,228.0,215.800003,224.119995,224.119995,8230300,0
2022-09-15,230.470001,242.289993,229.100006,235.380005,235.380005,19454100,0
2022-09-16,231.220001,241.360001,227.830002,240.130005,240.130005,18914200,0
2022-09-19,245.050003,245.25,235.75,243.630005,243.630005,17912400,0
2022-09-20,240.369995,250.490005,239.660004,242.850006,242.850006,16037400,0
2022-09-21,242.669998,248.300003,236.679993,236.869995,236.869995,9166800,0
2022-09-22,235.350006,240.5,231.660004,237.050003,237.050003,10018000,0
2022-09-23,235.139999,236.449997,221.429993,226.410004,226.410004,11207200,0
2022-09-26,225.600006,232.699997,223.009995,224.070007,224.070007,8234300,0
2022-09-27,228.630005,230.639999,220.720001,224.360001,224.360001,7762200,0
2022-09-28,229.690002,246.649994,227.380005,245.199997,245.199997,17579700,0
2022-09-29,241.610001,246.979996,235.679993,239.710007,239.710007,18994900,0
2022-09-30,237.0,242.440002,233.259995,235.440002,235.440002,11848600,0
2022-10-03,237.850006,241.539993,232.850006,239.039993,239.039993,8657400,0
2022-10-04,244.839996,245.800003,233.25,240.740005,240.740005,13925900,0
2022-10-05,238.759995,241.589996,227.380005,236.729996,236.729996,10825600,0
2022-10-06,236.679993,244.279999,233.910004,240.020004,240.020004,9188900,0
2022-10-07,235.770004,237.330002,224.279999,224.75,224.75,9806100,0
2022-10-10,225.639999,233.830002,224.229996,229.979996,229.979996,9991100,0
2022-10-11,226.050003,230.440002,213.699997,214.289993,214.289993,15282400,0
2022-10-12,214.300003,223.669998,212.639999,220.869995,220.869995,12952600,0
2022-10-13,212.690002,234.470001,211.729996,232.509995,232.509995,17505000,0
2022-10-14,237.800003,238.800003,229.509995,230.0,230.0,15293400,0
2022-10-17,234.410004,249.919998,234.399994,245.100006,245.100006,21057800,0
2022-10-18,249.800003,250.369995,237.729996,240.860001,240.860001,25776700,0
2022-10-19,265.0,279.299988,262.660004,272.380005,272.380005,46685300,0
2022-10-20,272.779999,278.380005,266.380005,268.160004,268.160004,17207100,0
2022-10-21,268.950012,290.75,265.679993,289.570007,289.570007,24889100,0
2022-10-24,290.230011,290.48999,280.359985,282.450012,282.450012,13326400,0
2022-10-25,286.950012,297.589996,285.549988,291.019989,291.019989,15100700,0
2022-10-26,290.040009,305.630005,288.040009,298.619995,298.619995,15714100,0
2022-10-27,298.329987,305.209991,294.779999,296.940002,296.940002,14612600,0
2022-10-28,297.700012,301.190002,292.290009,295.720001,295.720001,9960500,0
2022-10-31,295.130005,297.619995,289.5,291.880005,291.880005,7505100,0
2022-11-01,296.170013,299.700012,286.420013,286.75,286.75,6916400,0
2022-11-02,286.399994,287.329987,272.839996,273.0,273.0,10367600,0
2022-11-03,271.25,276.290009,268.799988,269.059998,269.059998,7057400,0
2022-11-04,272.019989,274.970001,255.320007,260.790009,260.790009,11124700,0
2022-11-07,261.059998,261.149994,252.089996,258.600006,258.600006,7927000,0
2022-11-08,259.920013,266.079987,256.880005,263.459991,263.459991,7683800,0
2022-11-09,259.660004,260.899994,254.220001,254.660004,254.660004,7266000,0
2022-11-10,265.98999,275.359985,260.089996,274.970001,274.970001,9667300,0
2022-11-11,274.470001,290.660004,271.559998,290.130005,290.130005,9573800,0
2022-11-14,290.0,311.0,288.190002,299.269989,299.269989,17978200,0
2022-11-15,309.200012,312.709991,302.549988,310.200012,310.200012,14626900,0
2022-11-16,309.940002,310.48999,303.609985,306.019989,306.019989,8038600,0
2022-11-17,294.720001,299.820007,291.0,295.279999,295.279999,9838200,0
2022-11-18,297.329987,298.0,287.0,287.980011,287.980011,8400100,0
2022-11-21,291.0,291.869995,282.660004,285.049988,285.049988,7256500,0
2022-11-22,284.98999,286.980011,277.339996,286.690002,286.690002,6245100,0
2022-11-23,285.910004,292.470001,283.76001,291.5,291.5,5919000,0
2022-11-25,289.0,289.209991,284.170013,285.540009,285.540009,3236000,0
2022-11-28,284.0,289.549988,280.529999,281.170013,281.170013,4703400,0
2022-11-29,282.5,282.959991,275.940002,280.959991,280.959991,5786900,0
2022-11-30,281.369995,308.26001,280.410004,305.529999,305.529999,16070100,0
2022-12-01,303.98999,319.799988,303.029999,316.950012,316.950012,14664900,0
2022-12-02,310.48999,321.98999,310.0,320.410004,320.410004,12690600,0
2022-12-05,316.459991,322.769989,310.920013,312.589996,312.589996,8423000,0
2022-12-06,311.0,313.220001,303.130005,305.559998,305.559998,7195400,0
2022-12-07,306.5,309.609985,302.100006,308.420013,308.420013,7821600,0
2022-12-08,309.109985,312.380005,304.809998,310.26001,310.26001,7205300,0
2022-12-09,321.450012,329.0,319.519989,320.01001,320.01001,14364000,0
2022-12-12,320.0,323.179993,308.850006,315.179993,315.179993,10148600,0
2022-12-13,328.0,332.720001,317.200012,320.339996,320.339996,10756400,0
2022-12-14,318.970001,324.709991,314.420013,317.829987,317.829987,7543300,0
2022-12-15,302.119995,303.390015,286.549988,290.410004,290.410004,17724600,0
2022-12-16,288.76001,294.720001,288.700012,290.709991,290.709991,14080000,0
2022-12-19,289.730011,292.25,286.130005,288.299988,288.299988,6163700,0
2022-12-20,281.23999,289.279999,280.809998,288.190002,288.190002,6918100,0
2022-12-21,289.98999,300.660004,286.5,297.959991,297.959991,6376200,0
2022-12-22,298.089996,298.880005,290.809998,297.75,297.75,7856200,0
2022-12-23,296.179993,298.459991,291.910004,294.959991,294.959991,4251100,0
2022-12-27,293.190002,293.570007,282.130005,284.170013,284.170013,5778100,0
2022-12-28,281.920013,285.190002,273.410004,276.880005,276.880005,5964400,0
2022-12-29,283.179993,295.5,281.01001,291.119995,291.119995,9588500,0
2022-12-30,285.529999,295.01001,283.220001,294.880005,294.880005,7566900,0
2023-01-03,298.059998,298.390015,288.700012,294.950012,294.950012,6764000,0
2023-01-04,298.23999,311.140015,295.51001,309.410004,309.410004,9345100,0
2023-01-05,307.0,314.179993,304.549988,309.700012,309.700012,8328400,0
2023-01-06,311.570007,316.769989,303.690002,315.549988,315.549988,8959800,0
2023-01-09,316.829987,321.700012,313.220001,315.170013,315.170013,6766600,0
2023-01-10,311.070007,329.350006,311.070007,327.540009,327.540009,13072300,0
2023-01-11,326.5,328.880005,321.350006,327.26001,327.26001,9579700,0
2023-01-12,332.5,332.950012,323.140015,330.130005,330.130005,10856200,0
2023-01-13,329.970001,336.649994,328.890015,332.820007,332.820007,8286800,0
2023-01-17,331.079987,332.5,323.600006,326.220001,326.220001,9247000,0
2023-01-18,326.75,330.079987,321.25,326.329987,326.329987,7814100,0
2023-01-19,322.570007,324.890015,313.390015,315.779999,315.779999,18008200,0
2023-01-20,336.790009,344.0,332.630005,342.5,342.5,28430300,0
2023-01-23,341.720001,362.25,340.630005,357.420013,357.420013,15646900,0
2023-01-24,357.529999,365.649994,355.140015,363.829987,363.829987,11796500,0
2023-01-25,360.570007,368.899994,358.5,367.959991,367.959991,7766900,0
2023-01-26,368.769989,369.019989,361.700012,364.869995,364.869995,8256800,0
2023-01-27,363.200012,365.920013,360.589996,360.769989,360.769989,6703500,0
2023-01-30,358.440002,360.950012,352.859985,353.109985,353.109985,5127600,0
2023-01-31,349.980011,355.950012,348.709991,353.859985,353.859985,5660700,0
2023-02-01,353.859985,365.390015,349.910004,361.98999,361.98999,8005200,0
2023-02-02,365.160004,368.320007,358.429993,366.890015,366.890015,7857000,0
2023-02-03,359.079987,379.429993,359.0,365.899994,365.899994,9402000,0
2023-02-06,363.640015,368.450012,360.679993,361.480011,361.480011,4994900,0
2023-02-07,358.51001,364.179993,354.179993,362.950012,362.950012,6289400,0
2023-02-08,360.019989,368.190002,358.309998,366.829987,366.829987,6253200,0
2023-02-09,372.410004,373.829987,361.73999,362.5,362.5,6901100,0
2023-02-10,359.160004,362.140015,347.140015,347.359985,347.359985,7291100,0
2023-02-13,349.5,359.700012,344.25,358.570007,358.570007,7134400,0
2023-02-14,357.549988,363.75,353.399994,359.959991,359.959991,4624800,0
2023-02-15,356.630005,362.880005,354.23999,361.420013,361.420013,3966000,0
2023-02-16,355.0,361.5,350.309998,350.709991,350.709991,5215700,0
2023-02-17,347.910004,349.0,342.440002,347.959991,347.959991,5294700,0
2023-02-21,342.850006,344.130005,336.420013,337.5,337.5,5710300,0
2023-02-22,337.5,341.910004,332.820007,334.880005,334.880005,4546200,0
2023-02-23,331.230011,331.279999,314.299988,323.649994,323.649994,13238700,0
2023-02-24,319.299988,321.5,314.519989,317.149994,317.149994,6830700,0
2023-02-27,323.869995,330.0,322.119995,323.029999,323.029999,6142600,0
2023-02-28,323.700012,327.619995,321.170013,322.130005,322.130005,3676100,0
2023-03-01,321.549988,326.600006,312.359985,313.480011,313.480011,4911300,0
2023-03-02,310.959991,315.570007,310.380005,311.880005,311.880005,4911000,0
2023-03-03,315.450012,317.48999,310.820007,315.179993,315.179993,5953300,0
2023-03-06,317.0,323.299988,311.839996,312.029999,312.029999,5660700,0
2023-03-07,312.679993,314.299988,306.619995,308.470001,308.470001,4553100,0
2023-03-08,309.290009,311.829987,305.75,311.790009,311.790009,3479500,0
2023-03-09,312.079987,312.51001,294.880005,297.779999,297.779999,7443400,0
2023-03-10,297.899994,298.790009,289.0,292.76001,292.76001,5759300,0
2023-03-13,287.339996,299.23999,285.329987,293.51001,293.51001,6292400,0
2023-03-14,295.970001,297.450012,290.309998,294.940002,294.940002,5956700,0
2023-03-15,292.51001,306.309998,292.279999,303.790009,303.790009,9215300,0
2023-03-16,304.75,316.600006,301.709991,310.059998,310.059998,7903700,0
2023-03-17,310.059998,310.76001,300.0,303.5,303.5,6918800,0
2023-03-20,299.790009,307.5,296.0,305.130005,305.130005,5113400,0
2023-03-21,306.320007,307.920013,300.429993,305.790009,305.790009,4886300,0
2023-03-22,306.309998,306.450012,293.540009,293.899994,293.899994,5808000,0
2023-03-23,304.679993,322.779999,304.140015,320.369995,320.369995,15653300,0
2023-03-24,320.630005,331.829987,320.630005,328.390015,328.390015,12991700,0
2023-03-27,327.549988,336.440002,324.410004,327.660004,327.660004,8625800,0
2023-03-28,326.059998,333.320007,321.279999,323.519989,323.519989,6489400,0
2023-03-29,326.290009,332.850006,325.730011,332.029999,332.029999,6287300,0
2023-03-30,340.269989,343.290009,335.299988,338.429993,338.429993,7131500,0
2023-03-31,340.049988,345.839996,337.200012,345.480011,345.480011,5610200,0
2023-04-03,341.829987,348.579987,340.399994,348.279999,348.279999,4413700,0
2023-04-04,348.48999,349.799988,343.950012,346.75,346.75,3298100,0
2023-04-05,345.299988,345.429993,336.25,342.350006,342.350006,4205500,0
2023-04-06,339.339996,340.480011,332.630005,339.329987,339.329987,4660500,0
2023-04-10,335.269989,339.880005,333.359985,338.98999,338.98999,2657900,0
2023-04-11,343.450012,347.140015,337.640015,338.209991,338.209991,4044800,0
2023-04-12,340.809998,342.799988,330.040009,331.029999,331.029999,3965400,0
2023-04-13,339.98999,346.429993,338.75,346.190002,346.190002,7406400,0
2023-04-14,342.940002,344.850006,336.410004,338.630005,338.630005,5350500,0
2023-04-17,338.0,338.390015,327.5,332.720001,332.720001,6136000,0
2023-04-18,335.0,337.190002,330.5,333.700012,333.700012,17944500,0
2023-04-19,324.209991,325.75,316.100006,323.119995,323.119995,22128300,0
2023-04-20,320.390015,331.429993,318.329987,325.350006,325.350006,9947800,0
2023-04-21,323.0,328.290009,319.5,327.980011,327.980011,6348000,0
2023-04-24,330.200012,334.660004,326.75,329.019989,329.019989,5586600,0
2023-04-25,328.5,328.660004,321.100006,322.549988,322.549988,5426600,0
2023-04-26,321.359985,325.899994,320.470001,321.149994,321.149994,4623200,0
2023-04-27,324.299988,327.450012,317.440002,325.850006,325.850006,5618800,0
2023-04-28,325.23999,330.809998,324.0,329.929993,329.929993,4221900,0
2023-05-01,329.440002,331.230011,318.089996,324.119995,324.119995,5341500,0
2023-05-02,325.0,326.070007,315.619995,317.549988,317.549988,4318600,0
2023-05-03,317.549988,324.619995,315.850006,319.299988,319.299988,5064100,0
2023-05-04,319.01001,323.609985,317.950012,320.779999,320.779999,3879700,0
2023-05-05,323.609985,324.149994,319.440002,322.76001,322.76001,3988600,0
2023-05-08,322.98999,332.559998,322.029999,331.209991,331.209991,5488600,0
2023-05-09,330.670013,336.320007,329.73999,332.140015,332.140015,5544900,0
2023-05-10,335.209991,337.109985,329.51001,335.420013,335.420013,4289900,0
2023-05-11,334.980011,345.470001,331.839996,344.76001,344.76001,8033500,0
2023-05-12,344.76001,348.170013,337.359985,339.890015,339.890015,6079900,0
2023-05-15,340.619995,341.899994,335.540009,335.890015,335.890015,3653000,0
2023-05-16,334.0,335.170013,331.910004,333.75,333.75,3332200,0
2023-05-17,331.76001,341.380005,329.619995,339.959991,339.959991,3958800,0
2023-05-18,347.25,375.869995,346.369995,371.290009,371.290009,20925200,0
2023-05-19,369.859985,369.98999,363.809998,365.359985,365.359985,7850900,0
2023-05-22,365.359985,372.01001,362.5,363.01001,363.01001,5406400,0
2023-05-23,360.23999,364.170013,354.309998,355.98999,355.98999,6866100,0
2023-05-24,356.929993,367.149994,356.630005,364.850006,364.850006,7973300,0
2023-05-25,359.609985,367.450012,357.420013,359.0,359.0,6263100,0
2023-05-26,361.100006,383.76001,356.0,378.880005,378.880005,9360400,0
2023-05-30,397.480011,405.109985,385.790009,392.980011,392.980011,10865000,0
2023-05-31,391.890015,396.26001,388.910004,395.230011,395.230011,6988000,0
2023-06-01,397.410004,407.519989,393.079987,403.130005,403.130005,7160100,0
2023-06-02,402.890015,406.579987,395.899994,400.470001,400.470001,5897300,0
2023-06-05,400.470001,413.859985,400.149994,403.540009,403.540009,7247400,0
2023-06-06,405.0,405.119995,396.929993,399.290009,399.290009,4991500,0
2023-06-07,410.429993,418.950012,399.230011,399.769989,399.769989,11932400,0
2023-06-08,399.769989,409.540009,396.339996,409.369995,409.369995,5991100,0
2023-06-09,424.5,425.899994,414.76001,420.019989,420.019989,12363000,0
2023-06-12,418.829987,424.700012,416.570007,423.970001,423.970001,5959500,0
2023-06-13,430.01001,437.269989,428.399994,435.730011,435.730011,7820500,0
2023-06-14,434.98999,447.329987,433.5,440.859985,440.859985,8413100,0
2023-06-15,444.100006,448.649994,439.5,445.269989,445.269989,7099900,0
2023-06-16,446.149994,447.51001,430.899994,431.959991,431.959991,8745500,0
2023-06-20,430.179993,440.0,430.0,434.700012,434.700012,4756000,0
2023-06-21,432.649994,434.549988,422.540009,424.450012,424.450012,5146400,0
2023-06-22,422.929993,424.709991,418.679993,422.480011,422.480011,4869500,0
2023-06-23,418.589996,425.820007,417.730011,424.019989,424.019989,8293900,0
2023-06-26,422.440002,430.959991,414.899994,415.940002,415.940002,4640000,0
2023-06-27,417.390015,420.880005,411.5,417.079987,417.079987,4818100,0
2023-06-28,423.100006,437.290009,422.890015,429.839996,429.839996,8811300,0
2023-06-29,434.329987,437.850006,426.149994,428.23999,428.23999,4932300,0
2023-06-30,431.100006,444.119995,431.100006,440.48999,440.48999,7342000,0
2023-07-03,439.76001,441.549988,431.619995,441.440002,441.440002,3733200,0
2023-07-05,444.910004,450.970001,439.619995,445.899994,445.899994,6869500,0
2023-07-06,440.0,442.799988,430.720001,438.839996,438.839996,4938800,0
2023-07-07,438.600006,442.329987,435.839996,438.100006,438.100006,4160100,0
2023-07-10,438.519989,444.410004,436.820007,441.709991,441.709991,4251700,0
2023-07-11,438.649994,440.799988,431.040009,440.209991,440.209991,4574600,0
2023-07-12,444.549988,445.410004,437.75,444.049988,444.049988,5731700,0
2023-07-13,447.0,451.670013,441.179993,450.380005,450.380005,6157500,0
2023-07-14,452.790009,456.480011,439.700012,441.910004,441.910004,7184900,0
2023-07-17,445.570007,456.679993,445.109985,450.049988,450.049988,6891700,0
2023-07-18,451.0,478.149994,448.779999,474.799988,474.799988,13196900,0
2023-07-19,476.859985,485.0,470.0,477.589996,477.589996,20996500,0
2023-07-20,447.0,448.5,432.0,437.420013,437.420013,23989700,0
2023-07-21,437.369995,438.23999,423.190002,427.5,427.5,17303700,0
2023-07-24,425.0,428.640015,419.190002,428.369995,428.369995,8264400,0
2023-07-25,427.179993,430.880005,426.130005,427.700012,427.700012,4859800,0
2023-07-26,424.200012,425.26001,415.589996,422.670013,422.670013,6009200,0
2023-07-27,426.899994,427.519989,411.880005,413.170013,413.170013,6594500,0
2023-07-28,415.559998,427.470001,413.76001,425.779999,425.779999,6424200,0
2023-07-31,426.51001,439.130005,426.299988,438.970001,438.970001,6587600,0
2023-08-01,437.369995,445.25,431.399994,438.619995,438.619995,5711500,0
2023-08-02,435.230011,435.559998,426.559998,429.700012,429.700012,4912200,0
2023-08-03,427.799988,441.929993,427.190002,431.0,431.0,6243900,0
2023-08-04,433.059998,436.5,426.269989,431.600006,431.600006,5439700,0
2023-08-07,436.459991,441.109985,428.910004,440.76001,440.76001,4781300,0
2023-08-08,440.359985,443.570007,435.100006,438.299988,438.299988,3767200,0
2023-08-09,439.73999,440.619995,427.589996,428.899994,428.899994,3846600,0
2023-08-10,431.119995,438.119995,428.690002,429.980011,429.980011,5467600,0
2023-08-11,428.980011,430.630005,421.329987,421.660004,421.660004,3925200,0
2023-08-14,421.98999,428.850006,418.779999,427.779999,427.779999,3966000,0
2023-08-15,424.410004,429.119995,421.040009,423.700012,423.700012,3368000,0
2023-08-16,423.730011,424.51001,415.25,415.450012,415.450012,3967000,0
2023-08-17,415.0,415.23999,401.579987,403.0,403.0,6031500,0
2023-08-18,399.329987,406.519989,398.149994,404.529999,404.529999,4309200,0
2023-08-21,402.230011,409.609985,399.5,408.290009,408.290009,3861600,0
2023-08-22,409.0,415.73999,407.399994,413.170013,413.170013,3603300,0
2023-08-23,418.399994,437.019989,417.709991,427.549988,427.549988,8174700,0
2023-08-24,425.410004,427.589996,406.170013,406.929993,406.929993,5687800,0
2023-08-25,412.0,419.25,407.559998,416.029999,416.029999,5390900,0
2023-08-28,418.040009,419.829987,413.269989,418.059998,418.059998,2928600,0
2023-08-29,416.0,432.170013,414.5,429.98999,429.98999,4486700,0
2023-08-30,430.850006,438.160004,428.350006,434.670013,434.670013,3625400,0
2023-08-31,431.230011,437.149994,431.230011,433.679993,433.679993,3803000,0
2023-09-01,437.730011,445.5,435.929993,439.880005,439.880005,4792100,0
2023-09-05,438.390015,453.450012,438.0,448.679993,448.679993,6155900,0
2023-09-06,448.609985,451.390015,440.48999,445.76001,445.76001,3862300,0
2023-09-07,441.149994,444.600006,436.700012,443.140015,443.140015,2922700,0
2023-09-08,443.559998,446.809998,438.850006,442.799988,442.799988,2697500,0
2023-09-11,443.070007,449.890015,442.75,445.359985,445.359985,2913800,0
2023-09-12,442.850006,445.440002,434.119995,434.690002,434.690002,3124000,0
2023-09-13,435.5,438.399994,410.690002,412.23999,412.23999,11843000,0
2023-09-14,410.399994,411.390015,400.0,400.48999,400.48999,10709000,0
2023-09-15,401.0,404.700012,395.029999,396.940002,396.940002,9110700,0
2023-09-18,395.5,399.470001,392.600006,394.399994,394.399994,4704700,0
2023-09-19,392.839996,398.230011,390.25,396.200012,396.200012,4076800,0
2023-09-20,397.049988,397.98999,386.119995,386.299988,386.299988,3866600,0
2023-09-21,386.5,395.899994,383.420013,384.149994,384.149994,5547900,0
2023-09-22,385.0,386.880005,378.359985,379.809998,379.809998,3692800,0
2023-09-25,382.899994,386.619995,380.809998,384.799988,384.799988,3757300,0
2023-09-26,382.880005,384.559998,377.359985,379.25,379.25,4089400,0
2023-09-27,382.399994,384.220001,376.25,377.589996,377.589996,3843500,0
2023-09-28,375.600006,378.959991,371.100006,376.359985,376.359985,4369900,0
2023-09-29,380.0,382.579987,375.350006,377.600006,377.600006,4198700,0
2023-10-02,377.480011,384.809998,376.799988,380.329987,380.329987,3102100,0
2023-10-03,377.109985,394.899994,372.850006,376.75,376.75,8878100,0
2023-10-04,376.5,380.220001,373.579987,376.899994,376.899994,4303700,0
2023-10-05,378.01001,378.600006,367.23999,372.589996,372.589996,5034800,0
2023-10-06,368.429993,382.519989,367.769989,381.51001,381.51001,4773400,0
2023-10-09,378.049988,387.170013,377.76001,385.950012,385.950012,3299800,0
2023-10-10,385.579987,388.700012,372.25,373.320007,373.320007,7288900,0
2023-10-11,372.779999,377.809998,365.339996,365.929993,365.929993,9151400,0
2023-10-12,366.480011,368.829987,359.049988,361.200012,361.200012,7376100,0
2023-10-13,355.640015,358.929993,352.049988,355.679993,355.679993,6312600,0
2023-10-16,356.209991,363.079987,354.769989,360.820007,360.820007,5128900,0
2023-10-17,361.100006,362.700012,353.890015,355.720001,355.720001,5908400,0
2023-10-18,351.0,354.790009,344.730011,346.190002,346.190002,11429600,0
2023-10-19,404.73999,408.950012,392.26001,401.769989,401.769989,28074400,0
2023-10-20,405.630005,410.640015,398.01001,400.959991,400.959991,12768900,0
2023-10-23,403.320007,407.540009,398.519989,406.839996,406.839996,7390000,0
2023-10-24,409.679993,416.690002,408.390015,413.730011,413.730011,6459200,0
2023-10-25,416.019989,418.839996,410.109985,411.25,411.25,6299600,0
2023-10-26,411.420013,417.309998,401.540009,403.540009,403.540009,6849700,0
2023-10-27,406.420013,410.209991,395.619995,397.869995,397.869995,4997600,0
2023-10-30,402.350006,412.820007,399.410004,410.079987,410.079987,5317100,0
2023-10-31,409.23999,412.519989,404.630005,411.690002,411.690002,3877600,0
2023-11-01,414.769989,420.600006,414.179993,420.190002,420.190002,4806100,0
2023-11-02,421.170013,426.690002,417.100006,424.709991,424.709991,4476000,0
2023-11-03,428.76001,434.820007,425.529999,432.359985,432.359985,3664800,0
2023-11-06,434.380005,435.029999,429.609985,434.73999,434.73999,3003200,0
2023-11-07,436.179993,437.640015,431.0,434.609985,434.609985,3291100,0
2023-11-08,435.0,438.070007,433.679993,436.649994,436.649994,2356800,0
2023-11-09,438.029999,440.380005,434.350006,435.149994,435.149994,2735500,0
2023-11-10,437.480011,447.480011,435.51001,447.23999,447.23999,4440600,0
2023-11-13,447.25,448.429993,442.600006,444.619995,444.619995,2896100,0
2023-11-14,448.779999,454.079987,445.640015,448.649994,448.649994,4060900,0
2023-11-15,452.809998,462.75,452.450012,461.940002,461.940002,5035300,0
2023-11-16,463.0,467.279999,459.649994,466.950012,466.950012,3656000,0
2023-11-17,466.950012,467.649994,462.76001,465.910004,465.910004,2798500,0
2023-11-20,465.399994,476.76001,465.399994,474.470001,474.470001,3617600,0
2023-11-21,472.630005,477.019989,471.209991,474.950012,474.950012,2997700,0
2023-11-22,476.799988,482.700012,476.559998,478.0,478.0,2841600,0
2023-11-24,477.109985,480.399994,475.200012,479.559998,479.559998,1404700,0
2023-11-27,479.029999,482.0,475.350006,479.170013,479.170013,3625900,0
2023-11-28,478.109985,480.5,475.950012,479.0,479.0,2890200,0
2023-11-29,479.0,480.98999,474.48999,477.190002,477.190002,2855500,0
2023-11-30,475.309998,478.589996,470.420013,473.970001,473.970001,4287300,0
2023-12-01,473.170013,475.230011,464.600006,465.73999,465.73999,4338100,0
2023-12-04,460.98999,461.200012,451.200012,453.899994,453.899994,5157700,0
2023-12-05,450.700012,456.390015,449.579987,455.149994,455.149994,3380700,0
2023-12-06,460.0,460.5,445.730011,446.730011,446.730011,4178800,0
2023-12-07,450.850006,452.890015,448.320007,452.0,452.0,3506700,0
2023-12-08,450.76001,455.5,450.76001,453.76001,453.76001,3456100,0
2023-12-11,459.359985,470.649994,457.209991,459.890015,459.890015,4929700,0
2023-12-12,465.230011,465.609985,459.200012,463.0,463.0,3302700,0
2023-12-13,461.980011,481.25,461.980011,479.980011,479.980011,5820200,0
2023-12-14,480.359985,480.76001,464.76001,469.829987,469.829987,5176400,0
2023-12-15,467.299988,473.0,467.299988,472.059998,472.059998,7838300,0
2023-12-18,476.299988,492.040009,475.100006,486.119995,486.119995,6410700,0
2023-12-19,488.399994,496.140015,484.059998,495.019989,495.019989,3849000,0
2023-12-20,492.0,500.890015,488.390015,489.269989,489.269989,4563700,0
2023-12-21,492.660004,494.399994,486.769989,491.609985,491.609985,2756200,0
2023-12-22,494.0,496.019989,485.450012,486.76001,486.76001,2701100,0
2023-12-26,489.390015,491.480011,486.380005,491.190002,491.190002,2034500,0
2023-12-27,491.23999,494.019989,489.25,491.790009,491.790009,2561300,0
2023-12-28,492.0,492.890015,489.070007,490.51001,490.51001,1710500,0
2023-12-29,490.369995,492.230011,481.940002,486.880005,486.880005,2739500,0
